{"Mean":{"confidence_interval":{"confidence_level":0.95,"lower_bound":5.642497457345186,"upper_bound":5.709847480414612},"point_estimate":5.671478570029149,"standard_error":0.017345973880155314},"Median":{"confidence_interval":{"confidence_level":0.95,"lower_bound":5.605429182051209,"upper_bound":5.64244377743102},"point_estimate":5.617771162699206,"standard_error":0.009289306363706345},"MedianAbsDev":{"confidence_interval":{"confidence_level":0.95,"lower_bound":0.03469932968386172,"upper_bound":0.08248398847891318},"point_estimate":0.05321956424041333,"standard_error":0.01184142700163773},"Slope":{"confidence_interval":{"confidence_level":0.95,"lower_bound":5.626946593797139,"upper_bound":5.66011593406471},"point_estimate":5.6428520873416135,"standard_error":0.008439406896192093},"StdDev":{"confidence_interval":{"confidence_level":0.95,"lower_bound":0.07971750329229632,"upper_bound":0.26787786139528164},"point_estimate":0.17474200620658611,"standard_error":0.05598907396662993}}