{"Mean":{"confidence_interval":{"confidence_level":0.95,"lower_bound":7.379496422053521,"upper_bound":7.523061177996348},"point_estimate":7.449108312698518,"standard_error":0.03664212061009876},"Median":{"confidence_interval":{"confidence_level":0.95,"lower_bound":7.345781652899786,"upper_bound":7.425503906613262},"point_estimate":7.3904814087512065,"standard_error":0.020860840865075236},"MedianAbsDev":{"confidence_interval":{"confidence_level":0.95,"lower_bound":0.17236022137375934,"upper_bound":0.3566903532352243},"point_estimate":0.2840218937950737,"standard_error":0.047937695056190104},"Slope":{"confidence_interval":{"confidence_level":0.95,"lower_bound":7.215087187756363,"upper_bound":7.366830132129002},"point_estimate":7.285085212665421,"standard_error":0.03874460747213217},"StdDev":{"confidence_interval":{"confidence_level":0.95,"lower_bound":0.2969356050353396,"upper_bound":0.43191848486268947},"point_estimate":0.3675186231087829,"standard_error":0.03456533582776133}}