{"Mean":{"confidence_interval":{"confidence_level":0.95,"lower_bound":6.497184662720922,"upper_bound":6.627414298748956},"point_estimate":6.558003792357562,"standard_error":0.033397211322540074},"Median":{"confidence_interval":{"confidence_level":0.95,"lower_bound":6.410677981714196,"upper_bound":6.476438160138535},"point_estimate":6.45146957487207,"standard_error":0.01761665846045124},"MedianAbsDev":{"confidence_interval":{"confidence_level":0.95,"lower_bound":0.11722003630403247,"upper_bound":0.23482614339205524},"point_estimate":0.17943978552200146,"standard_error":0.0316789023150369},"Slope":{"confidence_interval":{"confidence_level":0.95,"lower_bound":6.440793582495318,"upper_bound":6.554463586741511},"point_estimate":6.49090973064351,"standard_error":0.02908262520332769},"StdDev":{"confidence_interval":{"confidence_level":0.95,"lower_bound":0.22839923457800465,"upper_bound":0.4466304067878839},"point_estimate":0.335173351118257,"standard_error":0.057992620195210426}}