{"Mean":{"confidence_interval":{"confidence_level":0.95,"lower_bound":-0.9636071689355391,"upper_bound":-0.9631037117644401},"point_estimate":-0.9633794787064708,"standard_error":0.00012901676746582077},"Median":{"confidence_interval":{"confidence_level":0.95,"lower_bound":-0.9636625386532188,"upper_bound":-0.9633388649338417},"point_estimate":-0.9635257139279908,"standard_error":0.00008049090274379605}}