{"Mean":{"confidence_interval":{"confidence_level":0.95,"lower_bound":-0.03554141036306359,"upper_bound":-0.011533446289373934},"point_estimate":-0.023436719136183837,"standard_error":0.006099066202383044},"Median":{"confidence_interval":{"confidence_level":0.95,"lower_bound":-0.03950950236695672,"upper_bound":-0.02917096825173615},"point_estimate":-0.03325423100192926,"standard_error":0.0028199551343633476}}