{"Mean":{"confidence_interval":{"confidence_level":0.95,"lower_bound":0.11995657061141315,"upper_bound":0.15090870459141556},"point_estimate":0.1358804521246868,"standard_error":0.00786921241287835},"Median":{"confidence_interval":{"confidence_level":0.95,"lower_bound":0.13692479542676272,"upper_bound":0.15447808464630763},"point_estimate":0.14555006777626422,"standard_error":0.004395060001333208}}