{"Mean":{"confidence_interval":{"confidence_level":0.95,"lower_bound":154.43327450307572,"upper_bound":155.37490902266498},"point_estimate":154.87159575282422,"standard_error":0.24093259534017378},"Median":{"confidence_interval":{"confidence_level":0.95,"lower_bound":153.6405539742596,"upper_bound":154.42305447310872},"point_estimate":154.02004446662366,"standard_error":0.22830409684059916},"MedianAbsDev":{"confidence_interval":{"confidence_level":0.95,"lower_bound":0.6959226502072041,"upper_bound":1.6939841868162482},"point_estimate":1.1756526128633706,"standard_error":0.2649745324610174},"Slope":{"confidence_interval":{"confidence_level":0.95,"lower_bound":154.13289208070344,"upper_bound":154.76913449036203},"point_estimate":154.44265781663563,"standard_error":0.1627200036578585},"StdDev":{"confidence_interval":{"confidence_level":0.95,"lower_bound":1.6099200695542315,"upper_bound":3.192142957763481},"point_estimate":2.4293367137415776,"standard_error":0.4085574848550494}}