{"Mean":{"confidence_interval":{"confidence_level":0.95,"lower_bound":6.6746181323396705,"upper_bound":6.774607432753773},"point_estimate":6.715390513717349,"standard_error":0.026189527483520034},"Median":{"confidence_interval":{"confidence_level":0.95,"lower_bound":6.662096870344893,"upper_bound":6.683090310854874},"point_estimate":6.6733879596476875,"standard_error":0.005787627078871714},"MedianAbsDev":{"confidence_interval":{"confidence_level":0.95,"lower_bound":0.05080737652628439,"upper_bound":0.08357820175124653},"point_estimate":0.06102985768304883,"standard_error":0.008244754820663683},"Slope":{"confidence_interval":{"confidence_level":0.95,"lower_bound":6.656053536899551,"upper_bound":6.684773513075243},"point_estimate":6.670079358469959,"standard_error":0.0073295395901050355},"StdDev":{"confidence_interval":{"confidence_level":0.95,"lower_bound":0.08288848982267923,"upper_bound":0.4264254750723716},"point_estimate":0.2641627443688027,"standard_error":0.10649507801869118}}